{"stats":{"minecraft:used":{"dummmmmmy:target_dummy":10,"minecraft:water_bucket":3,"jujutsucraft:jogo_spawn_egg":2,"jujutsucraft:uniform_normal_boots":1,"minecraft:stone":37,"jujutsucraft:nyoi_staff":1,"jujutsucraft:sukuna_perfect_spawn_egg":1,"jujutsucraft:cursed_spirit_armoury_chestplate":3,"jujutsucraft:uniform_gojo_boots":2,"minecraft:spruce_log":1,"jujutsucraft:uniform_normal_chestplate":1,"jujutsucraft:uniform_gojo_chestplate":2,"minecraft:coal_ore":1,"jujutsucraft:uniform_gojo_helmet":1,"minecraft:bedrock":19,"jujutsucraft:uniform_gojo_leggings":2,"minecraft:sweet_berries":6,"jujutsucraft:uniform_normal_leggings":1,"jujutsucraft:playful_cloud":4,"minecraft:andesite":1,"jujutsucraft:sunglasses_helmet":2,"jujutsucraft:sukuna_fushiguro_spawn_egg":2},"minecraft:dropped":{"jujutsucraft:nyoi_staff":2,"minecraft:clay":1,"jujutsucraft:uniform_gojo_boots":1,"minecraft:sweet_berries":9,"minecraft:wheat_seeds":1,"jujutsucraft:cursed_spirit_armoury_chestplate":1,"jujutsucraft:playful_cloud":1,"jujutsucraft:uniform_gojo_leggings":1,"minecraft:glow_berries":1,"minecraft:bedrock":1,"minecraft:tropical_fish":10,"minecraft:stick":2,"minecraft:stone":3,"minecraft:diorite":1,"jujutsucraft:kurourushi_body_leggings":1,"jujutsucraft:sunglasses_helmet":1,"dummmmmmy:target_dummy":1},"minecraft:custom":{"minecraft:mob_kills":165,"minecraft:damage_dealt_resisted":138535,"minecraft:leave_game":4,"minecraft:time_since_death":79772,"minecraft:damage_resisted":50403,"minecraft:time_since_rest":79798,"minecraft:sprint_one_cm":367749,"minecraft:damage_taken":13163,"minecraft:walk_one_cm":296868,"minecraft:drop":38,"minecraft:damage_dealt":10353,"minecraft:swim_one_cm":27246,"minecraft:fly_one_cm":1849899,"minecraft:player_kills":1,"minecraft:crouch_one_cm":9245,"minecraft:play_time":169660,"minecraft:deaths":6,"minecraft:sneak_time":8934,"minecraft:walk_under_water_one_cm":15069,"minecraft:jump":1757,"minecraft:walk_on_water_one_cm":46375,"minecraft:total_world_time":169660,"minecraft:fall_one_cm":250834},"minecraft:killed_by":{"jujutsucraft:sukuna_fushiguro":2,"minecraft:player":2,"jujutsucraft:cursed_spirit_grade_34":2},"minecraft:mined":{"minecraft:spruce_leaves":9,"minecraft:large_fern":4,"minecraft:sweet_berry_bush":3,"minecraft:spruce_log":2,"minecraft:fern":3},"minecraft:picked_up":{"jujutsucraft:clothes_hakari_kinji_boots":1,"jujutsucraft:uniform_gojo_boots":1,"jujutsucraft:slaughter_demon":1,"minecraft:andesite":23,"jujutsucraft:uniform_normal_boots":2,"dummmmmmy:target_dummy":5,"jujutsucraft:cursed_technique_changer":1,"minecraft:bedrock":1,"jujutsucraft:sword_kusakabe":1,"jujutsucraft:item_master_physical_gifted":1,"minecraft:dirt":4,"jujutsucraft:uniform_normal_leggings":2,"jujutsucraft:clothes_hakari_kinji_helmet":1,"jujutsucraft:clothes_hakari_kinji_chestplate":1,"jujutsucraft:kurourushi_body_leggings":1,"minecraft:wheat_seeds":1,"jujutsucraft:sword_black":1,"minecraft:iron_ore":1,"jujutsucraft:uniform_itadori_chestplate":1,"jujutsucraft:clothes_kashimo_hajime_boots":1,"jujutsucraft:uniform_itadori_leggings":1,"jujutsucraft:clothes_hakari_kinji_leggings":1,"minecraft:stick":4,"jujutsucraft:nyoi_staff":1,"minecraft:stone":39,"minecraft:sweet_berries":17,"jujutsucraft:playful_cloud":2,"jujutsucraft:glasses_maki_chestplate":1,"jujutsucraft:glasses_maki_leggings":1,"minecraft:gravel":17,"jujutsucraft:uniform_gojo_leggings":1,"jujutsucraft:uniform_normal_chestplate":2,"minecraft:spruce_sapling":2,"minecraft:diorite":6,"jujutsucraft:cursed_spirit_armoury_chestplate":1,"minecraft:spruce_log":1,"jujutsucraft:sunglasses_helmet":1,"jujutsucraft:clothes_fushiguro_toji_leggings":1,"minecraft:coal_ore":1,"minecraft:clay":1,"minecraft:tropical_fish":10,"jujutsucraft:clothes_kashimo_hajime_chestplate":1,"minecraft:granite":5,"minecraft:glow_berries":1},"minecraft:killed":{"jujutsucraft:mimiko":1,"jujutsucraft:cursed_spirit_grade_32":3,"jujutsucraft:transfigured_human_3":1,"jujutsucraft:cursed_spirit_grade_21":1,"jujutsucraft:cursed_spirit_grade_31":2,"jujutsucraft:cursed_spirit_grade_33":14,"jujutsucraft:cursed_spirit_grade_11":1,"jujutsucraft:jujutsu_sorcerer":2,"jujutsucraft:nishimiya_momo":2,"minecraft:salmon":4,"jujutsucraft:awasaka_jiro":1,"minecraft:bat":15,"jujutsucraft:cursed_spirit_grade_35":1,"jujutsucraft:rock_fragment":4,"jujutsucraft:cursed_spirit_grade_316":3,"jujutsucraft:curse_user_1":1,"jujutsucraft:hakari_kinji":1,"jujutsucraft:mechamaru":1,"jujutsucraft:curse_user":2,"jujutsucraft:kumiya_juzo":2,"jujutsucraft:cursed_spirit_grade_03":1,"minecraft:squid":1,"jujutsucraft:miwa_kasumi":1,"jujutsucraft:cursed_spirit_grade_04":1,"minecraft:sheep":6,"jujutsucraft:panda_gorilla":1,"jujutsucraft:cursed_spirit_grade_05":1,"jujutsucraft:cursed_spirit_grade_39":7,"jujutsucraft:shigemo_haruta":1,"jujutsucraft:cursed_spirit_grade_314":10,"jujutsucraft:cursed_spirit_grade_313":1,"jujutsucraft:cursed_spirit_grade_311":1,"jujutsucraft:crow":2,"minecraft:bee":2,"jujutsucraft:cursed_spirit_grade_310":1,"jujutsucraft:fushiguro_toji_bug":1,"jujutsucraft:negi_toshihisa":1,"jujutsucraft:cursed_spirit_grade_15":1,"minecraft:chicken":4,"jujutsucraft:kechizu":1,"jujutsucraft:cursed_spirit_grade_16":2,"jujutsucraft:cursed_spirit_grade_36":4,"minecraft:axolotl":1,"jujutsucraft:panda_normal":1,"jujutsucraft:rozetsu_shikigami":1,"jujutsucraft:zenin_ogi":1,"jujutsucraft:cursed_spirit_grade_110":1,"jujutsucraft:cursed_spirit_grade_317":5,"jujutsucraft:cursed_spirit_grade_315":8,"jujutsucraft:cursed_spirit_grade_38":2,"jujutsucraft:cursed_spirit_grade_34":7,"jujutsucraft:cursed_spirit_grade_319":6,"jujutsucraft:kurusu_hana":2,"jujutsucraft:cursed_spirit_grade_06":1,"minecraft:tropical_fish":9,"jujutsucraft:nobara_kugisaki":1,"jujutsucraft:mei_mei":1,"minecraft:cow":2}},"DataVersion":3465}