{"stats":{"minecraft:dropped":{"minecraft:clay":1,"minecraft:vine":1,"minecraft:wheat_seeds":1,"minecraft:glow_berries":1,"minecraft:bedrock":3,"minecraft:tropical_fish":10,"minecraft:coal":1,"jujutsucraft:gavel":1,"minecraft:stick":2,"minecraft:dirt":1,"minecraft:diorite":1,"minecraft:large_fern":2,"minecraft:mutton":1,"jujutsucraft:kurourushi_body_leggings":1,"jujutsucraft:sunglasses_helmet":2,"jujutsucraft:pendant_todo_aoi":3,"minecraft:white_wool":1,"minecraft:spruce_sapling":1,"dummmmmmy:target_dummy":3,"jujutsucraft:nyoi_staff":2,"jujutsucraft:uniform_gojo_boots":2,"minecraft:sweet_berries":9,"jujutsucraft:cursed_spirit_armoury_chestplate":1,"jujutsucraft:playful_cloud":3,"jujutsucraft:uniform_gojo_leggings":1,"minecraft:stone":3},"minecraft:mined":{"minecraft:jungle_leaves":3,"minecraft:spruce_leaves":10,"minecraft:large_fern":4,"minecraft:fire":3,"minecraft:sweet_berry_bush":3,"minecraft:spruce_log":2,"minecraft:oak_leaves":4,"minecraft:fern":3},"minecraft:custom":{"minecraft:mob_kills":559,"minecraft:damage_dealt_resisted":636859,"minecraft:leave_game":10,"minecraft:time_since_death":28324,"minecraft:climb_one_cm":3365,"minecraft:damage_resisted":489369,"minecraft:sprint_one_cm":2221252,"minecraft:walk_one_cm":1302727,"minecraft:drop":58,"minecraft:play_time":427114,"minecraft:deaths":11,"minecraft:sneak_time":14815,"minecraft:walk_under_water_one_cm":82084,"minecraft:jump":6322,"minecraft:walk_on_water_one_cm":119076,"minecraft:total_world_time":427114,"minecraft:time_since_rest":28610,"minecraft:damage_taken":124157,"minecraft:damage_dealt":28060,"minecraft:swim_one_cm":87382,"minecraft:fly_one_cm":5857920,"minecraft:player_kills":13,"minecraft:crouch_one_cm":28046,"minecraft:fall_one_cm":770556},"minecraft:killed_by":{"minecraft:player":4,"jujutsucraft:cursed_spirit_grade_34":2,"jujutsucraft:sukuna_fushiguro":2,"jujutsucraft:sukuna_perfect":1},"minecraft:picked_up":{"minecraft:spruce_leaves":1,"minecraft:wheat":12,"jujutsucraft:clothes_hakari_kinji_boots":1,"jujutsucraft:slaughter_demon":1,"minecraft:suspicious_stew":1,"jujutsucraft:uniform_normal_boots":2,"jujutsucraft:cursed_technique_changer":1,"minecraft:string":8,"minecraft:large_fern":2,"jujutsucraft:clothes_hakari_kinji_helmet":1,"jujutsucraft:kurourushi_body_leggings":1,"minecraft:bucket":1,"jujutsucraft:sword_black":1,"jujutsucraft:clothes_kashimo_hajime_boots":1,"minecraft:copper_ore":2,"minecraft:stick":6,"minecraft:stone":70,"jujutsucraft:playful_cloud":5,"jujutsucraft:glasses_maki_chestplate":1,"jujutsucraft:gavel":1,"minecraft:diorite":10,"minecraft:carrot":8,"minecraft:vine":1,"minecraft:iron_horse_armor":1,"jujutsucraft:clothes_fushiguro_toji_leggings":1,"minecraft:rotten_flesh":2,"minecraft:tropical_fish":10,"minecraft:saddle":2,"minecraft:glow_berries":1,"minecraft:mutton":1,"minecraft:rail":3,"minecraft:white_wool":1,"jujutsucraft:uniform_gojo_boots":3,"minecraft:andesite":24,"dummmmmmy:target_dummy":7,"minecraft:bedrock":3,"jujutsucraft:item_master_physical_gifted":1,"jujutsucraft:sword_kusakabe":1,"minecraft:dirt":11,"jujutsucraft:uniform_normal_leggings":2,"jujutsucraft:pendant_todo_aoi":3,"jujutsucraft:clothes_hakari_kinji_chestplate":1,"minecraft:bone":6,"minecraft:stone_bricks":13,"minecraft:wheat_seeds":1,"minecraft:iron_ore":1,"jujutsucraft:uniform_itadori_chestplate":1,"minecraft:moss_block":4,"minecraft:oak_planks":1,"jujutsucraft:uniform_itadori_leggings":1,"jujutsucraft:clothes_hakari_kinji_leggings":1,"jujutsucraft:nyoi_staff":1,"minecraft:sweet_berries":17,"minecraft:oak_pressure_plate":2,"jujutsucraft:glasses_maki_leggings":1,"minecraft:gravel":20,"jujutsucraft:uniform_gojo_leggings":1,"jujutsucraft:uniform_normal_chestplate":2,"minecraft:spruce_sapling":3,"jujutsucraft:cursed_spirit_armoury_chestplate":1,"minecraft:spruce_log":1,"jujutsucraft:sunglasses_helmet":2,"minecraft:light_gray_terracotta":2,"minecraft:coal_ore":1,"minecraft:clay":1,"jujutsucraft:clothes_kashimo_hajime_chestplate":2,"minecraft:granite":5,"minecraft:coal":5},"minecraft:killed":{"jujutsucraft:mimiko":1,"jujutsucraft:cursed_spirit_grade_32":7,"jujutsucraft:transfigured_human_3":1,"jujutsucraft:cursed_spirit_grade_21":1,"jujutsucraft:cursed_spirit_grade_31":2,"jujutsucraft:cursed_spirit_grade_33":27,"jujutsucraft:nue":5,"jujutsucraft:nanako":1,"jujutsucraft:cursed_spirit_grade_11":2,"jujutsucraft:divine_dog_totality":1,"jujutsucraft:yorozu":1,"jujutsucraft:doll_1":2,"jujutsucraft:cursed_spirit_grade_24":1,"jujutsucraft:tsukumo_yuki":1,"jujutsucraft:tiger_funeral":2,"jujutsucraft:cursed_spirit_grade_35":1,"jujutsucraft:round_deer":1,"jujutsucraft:rock_fragment":7,"jujutsucraft:cursed_spirit_grade_26":1,"jujutsucraft:cursed_spirit_grade_318":16,"jujutsucraft:cursed_spirit_grade_316":6,"minecraft:cod":17,"jujutsucraft:geto_suguru":1,"jujutsucraft:kumiya_juzo":2,"jujutsucraft:cursed_spirit_grade_22":3,"jujutsucraft:cursed_spirit_grade_03":1,"jujutsucraft:miwa_kasumi":3,"jujutsucraft:cursed_spirit_grade_04":2,"jujutsucraft:cursed_spirit_grade_05":1,"jujutsucraft:cursed_spirit_grade_39":41,"jujutsucraft:shigemo_haruta":2,"jujutsucraft:cursed_spirit_grade_313":3,"minecraft:bee":2,"jujutsucraft:fushiguro_toji_bug":1,"minecraft:chicken":4,"jujutsucraft:flame_arrow":1,"jujutsucraft:cursed_spirit_grade_15":2,"jujutsucraft:kechizu":1,"jujutsucraft:toad":3,"jujutsucraft:divine_dog_black":10,"jujutsucraft:cursed_spirit_grade_16":3,"jujutsucraft:rabbit_escape":83,"minecraft:axolotl":1,"jujutsucraft:panda_normal":1,"jujutsucraft:rozetsu_shikigami":2,"jujutsucraft:cursed_spirit_grade_08":3,"jujutsucraft:zenin_ogi":3,"jujutsucraft:cursed_spirit_grade_317":17,"jujutsucraft:cursed_spirit_grade_38":3,"jujutsucraft:cursed_spirit_grade_34":17,"jujutsucraft:kurusu_hana":2,"jujutsucraft:higuruma_hiromi":2,"jujutsucraft:nobara_kugisaki":2,"minecraft:tropical_fish":9,"jujutsucraft:mei_mei":2,"jujutsucraft:eight_handled_swrod_divergent_sila_divine_general_mahoraga":1,"jujutsucraft:cursed_spirit_grade_210":7,"jujutsucraft:garuda":1,"jujutsucraft:max_elephant":2,"jujutsucraft:jujutsu_sorcerer":5,"jujutsucraft:nishimiya_momo":2,"minecraft:salmon":12,"jujutsucraft:awasaka_jiro":1,"jujutsucraft:piercing_ox":2,"jujutsucraft:toad_2":2,"minecraft:bat":48,"jujutsucraft:choso":1,"jujutsucraft:curse_user_1":2,"jujutsucraft:hakari_kinji":2,"jujutsucraft:entity_broom":3,"jujutsucraft:curse_user":5,"jujutsucraft:mechamaru":1,"jujutsucraft:great_serpent":2,"jujutsucraft:divine_dog_white":6,"minecraft:squid":7,"minecraft:sheep":7,"jujutsucraft:panda_gorilla":1,"jujutsucraft:jogo":1,"jujutsucraft:rozetsu":1,"jujutsucraft:cursed_spirit_grade_314":22,"jujutsucraft:crow":2,"jujutsucraft:cursed_spirit_grade_14":1,"jujutsucraft:cursed_spirit_grade_311":2,"jujutsucraft:cursed_spirit_grade_310":12,"jujutsucraft:cursed_spirit_grade_13":1,"jujutsucraft:negi_toshihisa":3,"jujutsucraft:cursed_spirit_grade_18":1,"jujutsucraft:cursed_spirit_grade_36":10,"jujutsucraft:zenin_maki_culling_game":1,"minecraft:glow_squid":1,"jujutsucraft:cursed_spirit_grade_110":1,"jujutsucraft:cursed_spirit_grade_315":21,"jujutsucraft:cursed_spirit_grade_212":1,"jujutsucraft:cursed_spirit_grade_319":9,"jujutsucraft:cursed_spirit_grade_06":1,"jujutsucraft:kamo_noritoshi":1,"jujutsucraft:q":1,"minecraft:cow":2},"minecraft:used":{"minecraft:stone":41,"jujutsucraft:jogo_spawn_egg":3,"jujutsucraft:entity_broom_spawn_egg":4,"jujutsucraft:sukuna_perfect_spawn_egg":1,"jujutsucraft:clothes_hakari_kinji_helmet":1,"jujutsucraft:sukuna_finger":19,"jujutsucraft:clothes_fushiguro_toji_leggings":2,"jujutsucraft:uniform_gojo_chestplate":2,"minecraft:coal_ore":1,"jujutsucraft:item_doll":599,"jujutsucraft:uniform_gojo_helmet":1,"jujutsucraft:clothes_fushiguro_toji_chestplate":2,"minecraft:stone_bricks":3,"jujutsucraft:clothes_hakari_kinji_leggings":1,"minecraft:bedrock":19,"jujutsucraft:uniform_gojo_leggings":2,"minecraft:sweet_berries":6,"jujutsucraft:playful_cloud":13,"dummmmmmy:target_dummy":10,"minecraft:diorite":4,"minecraft:water_bucket":3,"jujutsucraft:uniform_normal_boots":1,"jujutsucraft:split_soul_katana":2,"jujutsucraft:nyoi_staff":1,"jujutsucraft:cursed_spirit_armoury_chestplate":4,"jujutsucraft:uniform_gojo_boots":2,"minecraft:light_gray_terracotta":1,"jujutsucraft:clothes_hakari_kinji_chestplate":3,"minecraft:spruce_log":1,"jujutsucraft:uniform_normal_chestplate":1,"jujutsucraft:cursed_spirit_grade_08_spawn_egg":2,"minecraft:oak_pressure_plate":2,"jujutsucraft:muscular_body_chestplate":2,"jujutsucraft:uniform_normal_leggings":1,"minecraft:andesite":1,"jujutsucraft:sunglasses_helmet":3,"jujutsucraft:sukuna_fushiguro_spawn_egg":3}},"DataVersion":3465}