{"stats":{"minecraft:killed":{"minecraft:bat":2,"jujutsucraft:zenin_ogi":1,"jujutsucraft:hakari_kinji":1,"jujutsucraft:curse_user":1,"jujutsucraft:cursed_spirit_grade_03":1},"minecraft:used":{"jujutsucraft:uniform_gojo_helmet":1,"jujutsucraft:uniform_normal_boots":1,"jujutsucraft:uniform_gojo_leggings":1,"jujutsucraft:uniform_gojo_boots":1,"jujutsucraft:uniform_normal_leggings":1,"minecraft:spruce_log":1,"jujutsucraft:uniform_normal_chestplate":1,"jujutsucraft:uniform_gojo_chestplate":1,"jujutsucraft:sukuna_fushiguro_spawn_egg":1},"minecraft:mined":{"minecraft:large_fern":3,"minecraft:sweet_berry_bush":3,"minecraft:spruce_log":1,"minecraft:spruce_leaves":6,"minecraft:fern":1},"minecraft:killed_by":{"jujutsucraft:sukuna_fushiguro":2,"jujutsucraft:cursed_spirit_grade_34":2},"minecraft:picked_up":{"minecraft:stone":1,"minecraft:sweet_berries":17,"jujutsucraft:uniform_normal_boots":1,"jujutsucraft:cursed_technique_changer":1,"jujutsucraft:uniform_normal_chestplate":1,"minecraft:spruce_log":1,"jujutsucraft:uniform_normal_leggings":1,"minecraft:wheat_seeds":1},"minecraft:dropped":{"minecraft:sweet_berries":9,"minecraft:stone":1,"minecraft:wheat_seeds":1},"minecraft:custom":{"minecraft:time_since_rest":5690,"minecraft:sprint_one_cm":45380,"minecraft:damage_taken":2081,"minecraft:walk_one_cm":37654,"minecraft:mob_kills":6,"minecraft:drop":11,"minecraft:damage_dealt":548,"minecraft:swim_one_cm":6831,"minecraft:fly_one_cm":90588,"minecraft:crouch_one_cm":598,"minecraft:play_time":16841,"minecraft:deaths":4,"minecraft:sneak_time":274,"minecraft:walk_under_water_one_cm":2380,"minecraft:jump":185,"minecraft:damage_dealt_resisted":34512,"minecraft:leave_game":2,"minecraft:walk_on_water_one_cm":6168,"minecraft:time_since_death":5663,"minecraft:total_world_time":16841,"minecraft:damage_resisted":6079,"minecraft:fall_one_cm":31467}},"DataVersion":3465}