{"stats":{"minecraft:used":{"dummmmmmy:target_dummy":2,"jujutsucraft:nyoi_staff":15,"jujutsucraft:sukuna_perfect_spawn_egg":2,"jujutsucraft:inverted_spear_of_heaven":7,"minecraft:deepslate":1,"jujutsucraft:gojo_satoru_spawn_egg":6},"minecraft:dropped":{"jujutsucraft:clothes_hakari_kinji_helmet":1,"minecraft:gravel":7,"jujutsucraft:weapon_nanami":1,"jujutsucraft:clothes_kashimo_hajime_boots":1,"jujutsucraft:uniform_itadori_leggings":1,"jujutsucraft:uniform_normal_leggings":1,"minecraft:birch_sapling":3,"minecraft:glow_berries":1,"jujutsucraft:clothes_hakari_kinji_leggings":1,"jujutsucraft:uniform_itadori_chestplate":1,"jujutsucraft:clothes_hakari_kinji_boots":1,"minecraft:granite":1,"minecraft:tropical_fish":1,"jujutsucraft:garuda_item":1,"jujutsucraft:clothes_kashimo_hajime_chestplate":1,"jujutsucraft:glasses_maki_chestplate":1,"jujutsucraft:uniform_normal_chestplate":1,"jujutsucraft:gavel":1,"minecraft:stick":2,"jujutsucraft:slaughter_demon":1,"jujutsucraft:clothes_fushiguro_toji_leggings":1,"minecraft:stone":8,"jujutsucraft:item_master_physical_gifted":1,"jujutsucraft:sword_kusakabe":1,"jujutsucraft:glasses_maki_leggings":1,"jujutsucraft:uniform_normal_boots":1,"minecraft:spruce_sapling":3,"jujutsucraft:clothes_hakari_kinji_chestplate":1},"minecraft:custom":{"minecraft:mob_kills":129,"minecraft:damage_dealt_resisted":460690,"minecraft:leave_game":3,"minecraft:time_since_death":1460,"minecraft:damage_resisted":156882,"minecraft:time_since_rest":3716,"minecraft:sprint_one_cm":281891,"minecraft:damage_taken":40596,"minecraft:walk_one_cm":416370,"minecraft:drop":36,"minecraft:damage_dealt":2660,"minecraft:swim_one_cm":23481,"minecraft:fly_one_cm":1817927,"minecraft:player_kills":2,"minecraft:crouch_one_cm":22925,"minecraft:play_time":123110,"minecraft:deaths":8,"minecraft:sneak_time":6911,"minecraft:walk_under_water_one_cm":9166,"minecraft:jump":1490,"minecraft:walk_on_water_one_cm":135090,"minecraft:total_world_time":123110,"minecraft:fall_one_cm":142001},"minecraft:killed_by":{"jujutsucraft:sukuna_perfect":1,"minecraft:player":1,"jujutsucraft:purple":1,"jujutsucraft:gojo_satoru":3},"minecraft:mined":{"minecraft:spruce_leaves":6,"minecraft:fern":1},"minecraft:killed":{"jujutsucraft:cursed_spirit_grade_31":1,"jujutsucraft:cursed_spirit_grade_33":7,"jujutsucraft:nue":1,"jujutsucraft:max_elephant":1,"jujutsucraft:cursed_spirit_grade_11":1,"jujutsucraft:divine_dog_totality":1,"jujutsucraft:jujutsu_sorcerer":1,"minecraft:salmon":8,"jujutsucraft:zenin_jinichi":2,"minecraft:bat":14,"jujutsucraft:cursed_spirit_grade_35":1,"jujutsucraft:round_deer":1,"jujutsucraft:rock_fragment":1,"jujutsucraft:cursed_spirit_grade_316":4,"jujutsucraft:curse_user_1":3,"jujutsucraft:cursed_spirit_grade_211":1,"jujutsucraft:kumiya_juzo":1,"jujutsucraft:jogo":3,"jujutsucraft:cursed_spirit_grade_39":6,"jujutsucraft:blue":1,"jujutsucraft:shigemo_haruta":1,"jujutsucraft:cursed_spirit_grade_312":1,"jujutsucraft:cursed_spirit_grade_314":6,"jujutsucraft:entity_scissors":2,"jujutsucraft:larue":2,"jujutsucraft:cursed_spirit_grade_311":2,"jujutsucraft:cursed_spirit_grade_310":2,"jujutsucraft:fushiguro_toji_bug":1,"jujutsucraft:cursed_spirit_grade_13":1,"jujutsucraft:cursed_spirit_grade_15":1,"jujutsucraft:sukuna_fushiguro":1,"jujutsucraft:cursed_spirit_grade_18":1,"jujutsucraft:cursed_spirit_grade_19":2,"jujutsucraft:sukuna_perfect":1,"jujutsucraft:cursed_spirit_grade_36":6,"jujutsucraft:rabbit_escape":9,"jujutsucraft:cursed_spirit_grade_23":2,"jujutsucraft:sukuna":3,"jujutsucraft:cursed_spirit_grade_315":6,"jujutsucraft:cursed_spirit_grade_317":2,"jujutsucraft:kashimo_hajime":1,"jujutsucraft:cursed_spirit_grade_34":8,"jujutsucraft:cursed_spirit_grade_319":5,"jujutsucraft:nanami_kento":1,"jujutsucraft:kamo_noritoshi":1,"jujutsucraft:mei_mei":1},"minecraft:picked_up":{"jujutsucraft:slaughter_demon":1,"jujutsucraft:uniform_gojo_boots":1,"minecraft:andesite":3,"dummmmmmy:target_dummy":2,"jujutsucraft:uniform_normal_leggings":1,"jujutsucraft:split_soul_katana":1,"minecraft:birch_sapling":5,"jujutsucraft:sukuna_body_chestplate":1,"minecraft:stick":2,"jujutsucraft:nyoi_staff":1,"minecraft:stone":46,"minecraft:gravel":32,"jujutsucraft:gavel":1,"minecraft:spruce_sapling":3,"minecraft:diorite":3,"minecraft:clay":1,"minecraft:deepslate":1,"minecraft:tropical_fish":10,"minecraft:redstone_ore":1,"minecraft:granite":10,"minecraft:mutton":5,"minecraft:glow_berries":2,"minecraft:white_wool":3}},"DataVersion":3465}