{"stats":{"minecraft:dropped":{"jujutsucraft:clothes_hakari_kinji_helmet":1,"minecraft:iron_ingot":3,"jujutsucraft:cursed_technique_starter":2,"jujutsucraft:clothes_kashimo_hajime_boots":5,"jujutsucraft:clothes_kashimo_hajime_helmet":3,"minecraft:birch_leaves":1,"jujutsucraft:uniform_itadori_leggings":1,"minecraft:glow_berries":2,"jujutsucraft:clothes_hakari_kinji_leggings":1,"jujutsucraft:split_soul_katana":2,"jujutsucraft:clothes_hakari_kinji_boots":1,"minecraft:granite":1,"minecraft:cracked_stone_bricks":1,"minecraft:tropical_fish":1,"jujutsucraft:clothes_todo_aoi_leggings":2,"minecraft:coal":1,"jujutsucraft:gavel":2,"minecraft:cod":4,"minecraft:stick":2,"jujutsucraft:slaughter_demon":1,"minecraft:dirt":4,"minecraft:large_fern":1,"jujutsucraft:glasses_maki_leggings":3,"jujutsucraft:muscular_body_chestplate":2,"jujutsucraft:pendant_todo_aoi":7,"jujutsucraft:clothes_kashimo_hajime_leggings":4,"minecraft:spruce_sapling":7,"jujutsucraft:sukuna_body_chestplate":1,"minecraft:bone":5,"jujutsucraft:sword_of_extermination":1,"jujutsucraft:nyoi_staff":3,"minecraft:gravel":8,"jujutsucraft:weapon_nanami":1,"jujutsucraft:hiten":1,"jujutsucraft:uniform_gojo_boots":1,"jujutsucraft:item_master_six_eyes":1,"jujutsucraft:uniform_normal_leggings":1,"jujutsucraft:supreme_martial_solution":1,"jujutsucraft:playful_cloud":1,"minecraft:birch_sapling":3,"jujutsucraft:clothes_sukuna_fushiguro_chestplate":1,"jujutsucraft:clothes_fushiguro_toji_chestplate":1,"minecraft:rotten_flesh":5,"minecraft:oak_planks":1,"jujutsucraft:nail":1,"jujutsucraft:uniform_itadori_chestplate":1,"minecraft:name_tag":1,"jujutsucraft:clothes_kashimo_hajime_chestplate":4,"jujutsucraft:garuda_item":1,"minecraft:acacia_leaves":1,"jujutsucraft:glasses_maki_chestplate":2,"jujutsucraft:uniform_normal_chestplate":1,"jujutsucraft:clothes_fushiguro_toji_leggings":2,"minecraft:stone":25,"jujutsucraft:black_rope":1,"jujutsucraft:item_master_physical_gifted":2,"jujutsucraft:sword_kusakabe":1,"minecraft:stone_bricks":4,"jujutsucraft:inverted_spear_of_heaven":1,"jujutsucraft:uniform_normal_boots":1,"jujutsucraft:mahoraga_wheel_helmet":1,"jujutsucraft:sukuna_spawn_egg":1,"jujutsucraft:clothes_hakari_kinji_chestplate":1},"minecraft:mined":{"minecraft:spruce_leaves":6,"minecraft:cobweb":1,"minecraft:fern":1},"minecraft:custom":{"minecraft:mob_kills":669,"minecraft:damage_dealt_resisted":1223084,"minecraft:leave_game":9,"minecraft:time_since_death":883,"minecraft:climb_one_cm":4542,"minecraft:damage_resisted":527371,"minecraft:sprint_one_cm":1477654,"minecraft:walk_one_cm":1422187,"minecraft:drop":122,"minecraft:play_time":362591,"minecraft:deaths":24,"minecraft:sneak_time":17912,"minecraft:walk_under_water_one_cm":44164,"minecraft:jump":6621,"minecraft:walk_on_water_one_cm":181647,"minecraft:total_world_time":362591,"minecraft:time_since_rest":929,"minecraft:damage_taken":143295,"minecraft:damage_dealt":3010,"minecraft:swim_one_cm":55556,"minecraft:fly_one_cm":7316867,"minecraft:player_kills":4,"minecraft:open_chest":1,"minecraft:crouch_one_cm":106374,"minecraft:fall_one_cm":769457},"minecraft:killed_by":{"minecraft:player":13,"jujutsucraft:gojo_satoru":4,"jujutsucraft:sukuna_fushiguro":1,"jujutsucraft:sukuna_perfect":2,"jujutsucraft:purple":1},"minecraft:picked_up":{"jujutsucraft:slaughter_demon":1,"minecraft:string":1,"minecraft:large_fern":2,"minecraft:cracked_stone_bricks":1,"minecraft:birch_sapling":5,"minecraft:copper_ore":1,"minecraft:stick":2,"minecraft:stone":74,"jujutsucraft:gavel":2,"minecraft:diorite":3,"minecraft:rotten_flesh":10,"minecraft:tropical_fish":10,"jujutsucraft:muscular_body_chestplate":1,"minecraft:glow_berries":2,"minecraft:mutton":5,"minecraft:cod":11,"minecraft:white_wool":3,"minecraft:birch_leaves":1,"jujutsucraft:uniform_gojo_boots":1,"minecraft:andesite":3,"minecraft:salmon":4,"minecraft:acacia_leaves":1,"dummmmmmy:target_dummy":2,"minecraft:dirt":6,"jujutsucraft:uniform_normal_leggings":1,"jujutsucraft:pendant_todo_aoi":5,"minecraft:name_tag":2,"minecraft:bone":10,"minecraft:stone_bricks":4,"jujutsucraft:split_soul_katana":1,"minecraft:iron_ingot":6,"minecraft:cobweb":2,"jujutsucraft:sukuna_body_chestplate":1,"minecraft:oak_planks":1,"jujutsucraft:nyoi_staff":1,"jujutsucraft:glasses_maki_leggings":1,"minecraft:gravel":32,"minecraft:sand":11,"minecraft:spruce_sapling":9,"minecraft:clay":1,"minecraft:deepslate":1,"minecraft:granite":12,"minecraft:redstone_ore":1,"minecraft:coal":2},"minecraft:killed":{"jujutsucraft:mimiko":1,"jujutsucraft:cursed_spirit_grade_32":4,"jujutsucraft:transfigured_human_3":1,"jujutsucraft:cursed_spirit_grade_31":1,"jujutsucraft:cursed_spirit_grade_33":14,"jujutsucraft:ishigori_ryu":1,"jujutsucraft:nue":2,"jujutsucraft:nanako":1,"jujutsucraft:cursed_spirit_grade_11":3,"jujutsucraft:divine_dog_totality":1,"jujutsucraft:yorozu":1,"jujutsucraft:doll_1":179,"jujutsucraft:cursed_spirit_grade_12":2,"jujutsucraft:tiger_funeral":1,"jujutsucraft:fushiguro_megumi_shibuya":1,"jujutsucraft:cursed_spirit_grade_37":2,"jujutsucraft:cursed_spirit_grade_35":1,"jujutsucraft:rock_fragment":1,"jujutsucraft:round_deer":2,"jujutsucraft:cursed_spirit_grade_318":9,"jujutsucraft:cursed_spirit_grade_316":8,"jujutsucraft:geto_suguru":2,"jujutsucraft:kumiya_juzo":3,"jujutsucraft:cursed_spirit_grade_03":1,"jujutsucraft:cursed_spirit_grade_39":40,"jujutsucraft:shigemo_haruta":1,"jujutsucraft:cursed_spirit_grade_312":3,"jujutsucraft:cursed_spirit_grade_313":3,"jujutsucraft:larue":2,"jujutsucraft:fushiguro_toji_bug":2,"jujutsucraft:sukuna_fushiguro":1,"jujutsucraft:cursed_spirit_grade_15":2,"jujutsucraft:cursed_spirit_grade_16":2,"jujutsucraft:cursed_spirit_grade_19":4,"jujutsucraft:toad":1,"jujutsucraft:sukuna_perfect":1,"jujutsucraft:rabbit_escape":49,"jujutsucraft:rozetsu_shikigami":4,"jujutsucraft:cursed_spirit_grade_23":2,"jujutsucraft:cursed_spirit_grade_317":16,"jujutsucraft:cursed_spirit_grade_38":6,"jujutsucraft:cursed_spirit_grade_34":26,"jujutsucraft:transfigured_human_1":1,"jujutsucraft:nanami_kento":1,"jujutsucraft:mei_mei":1,"jujutsucraft:kusakabe_yatsuya":1,"jujutsucraft:dagon_2":1,"jujutsucraft:eight_handled_swrod_divergent_sila_divine_general_mahoraga":1,"jujutsucraft:cursed_spirit_grade_210":4,"jujutsucraft:dagon_1":1,"jujutsucraft:max_elephant":2,"jujutsucraft:jujutsu_sorcerer":3,"minecraft:salmon":25,"jujutsucraft:awasaka_jiro":1,"jujutsucraft:piercing_ox":1,"jujutsucraft:zenin_jinichi":3,"minecraft:bat":48,"jujutsucraft:curse_user_1":4,"jujutsucraft:cursed_spirit_grade_211":2,"jujutsucraft:entity_broom":1,"jujutsucraft:curse_user":2,"jujutsucraft:great_serpent":1,"jujutsucraft:itadori_yuji":1,"minecraft:squid":12,"jujutsucraft:cursed_spirit_grade_28":2,"jujutsucraft:jogo":3,"jujutsucraft:blue":1,"jujutsucraft:rozetsu":1,"jujutsucraft:cursed_spirit_grade_314":34,"jujutsucraft:entity_scissors":16,"jujutsucraft:cursed_spirit_grade_14":1,"jujutsucraft:cursed_spirit_grade_311":5,"jujutsucraft:cursed_spirit_grade_310":9,"jujutsucraft:cursed_spirit_grade_13":3,"jujutsucraft:cursed_spirit_grade_18":3,"jujutsucraft:cursed_spirit_grade_17":2,"jujutsucraft:cursed_spirit_grade_36":8,"jujutsucraft:sukuna":3,"jujutsucraft:zenin_maki_culling_game":1,"jujutsucraft:cursed_spirit_grade_25":4,"minecraft:glow_squid":15,"jujutsucraft:cursed_spirit_grade_315":19,"jujutsucraft:kashimo_hajime":1,"jujutsucraft:rika":1,"jujutsucraft:cursed_spirit_grade_319":7,"jujutsucraft:kamo_noritoshi":1},"minecraft:used":{"jujutsucraft:sukuna_perfect_spawn_egg":3,"minecraft:dirt":1,"jujutsucraft:sukuna_finger":20,"jujutsucraft:clothes_fushiguro_toji_leggings":1,"jujutsucraft:item_doll":4,"jujutsucraft:clothes_fushiguro_toji_chestplate":1,"dummmmmmy:target_dummy":3,"jujutsucraft:clothes_kashimo_hajime_helmet":1,"minecraft:wither_skeleton_skull":6,"jujutsucraft:nyoi_staff":28,"jujutsucraft:split_soul_katana":1,"minecraft:diamond_block":5,"minecraft:white_bed":1,"jujutsucraft:inverted_spear_of_heaven":7,"minecraft:string":1,"minecraft:spruce_sapling":1,"minecraft:deepslate":1,"jujutsucraft:gojo_satoru_spawn_egg":7,"jujutsucraft:sukuna_spawn_egg":1,"minecraft:cobweb":2,"jujutsucraft:rika_spawn_egg":1}},"DataVersion":3465}